Type,Name,Request Count,Failure Count,Median Response Time,Average Response Time,Min Response Time,Max Response Time,Average Content Size,Requests/s,Failures/s,50%,66%,75%,80%,90%,95%,98%,99%,99.9%,99.99%,100%
GET,/api/v1/accounts,159,0,8,9.035329557018086,4.75320010446012,44.088900089263916,226.0251572327044,3.6053006186438097,0.0,8,8,9,10,12,19,27,37,44,44,44
POST,/api/v1/accounts,8,0,960,681.4690749451984,134.99730010516942,1079.9962999299169,225.0,0.18139877326509735,0.0,960,1000,1000,1000,1100,1100,1100,1100,1100,1100,1100
POST,/api/v1/auth/login,27,19,52,198.27972589647052,28.22900004684925,548.0595000553876,208.33333333333334,0.6122208597697035,0.4308220865046062,52,240,500,510,530,550,550,550,550,550,550
POST,/api/v1/auth/register,27,17,140,416.4505148375476,28.068099869415164,1341.7511999141425,171.8148148148148,0.6122208597697035,0.3854723931883318,140,830,840,850,860,1300,1300,1300,1300,1300,1300
GET,/api/v1/categories,8,0,100,115.6676749815233,50.844000186771154,359.1477998998016,818.0,0.18139877326509735,0.0,100,100,110,110,360,360,360,360,360,360,360
GET,/api/v1/reports/monthly-summary?month=9&year=2026,91,0,9,10.268841762668812,4.829199984669685,80.89619991369545,191.1098901098901,2.0634110458904824,0.0,9,10,10,11,14,17,30,81,81,81,81
GET,/api/v1/transactions,235,0,9,10.840655314399207,5.517599871382117,91.85619978234172,924.7914893617021,5.328588964662234,0.0,9,10,11,11,14,20,30,67,92,92,92
POST,/api/v1/transactions,49,0,68,71.86721223976691,21.390500012785196,219.59460014477372,297.3061224489796,1.111067486248721,0.0,68,70,72,72,85,110,220,220,220,220,220
,Aggregated,604,36,9,52.01148989707515,4.75320010446012,1341.7511999141425,503.03145695364236,13.695607381514849,0.816294479692938,9,11,17,31,69,180,840,870,1300,1300,1300
